<?xml version="1.0" encoding="UTF-8"?>
<project-private xmlns="http://www.netbeans.org/ns/project-private/1">
    <editor-bookmarks xmlns="http://www.netbeans.org/ns/editor-bookmarks/2" lastBookmarkId="0"/>
    <open-files xmlns="http://www.netbeans.org/ns/projectui-open-files/2">
        <group>
            <file>file:/D:/wamp64/www/wcmin/resources/views/Admin/index/index.blade.php</file>
            <file>file:/D:/wamp64/www/wcmin/routes/web.php</file>
            <file>file:/D:/wamp64/www/wcmin/resources/lang/en/validation.php</file>
            <file>file:/D:/wamp64/www/wcmin/resources/lang/zh-CN/validation.php</file>
            <file>file:/D:/wamp64/www/wcmin/config/app.php</file>
            <file>file:/D:/wamp64/www/wcmin/app/Http/Controllers/Admin/IndexController.php</file>
        </group>
    </open-files>
</project-private>
